﻿<xml
    xmlns:genTemplate="http://schemas.microsoft.com/appx/developer/windowsTemplateStudio">
    <genTemplate:Metadata>
        <genTemplate:Item Name="generator" Value="Windows Template Studio"/>
        <genTemplate:Item Name="wizardVersion" Version="v4.1.21179.1" />
        <genTemplate:Item Name="templatesVersion" Version="v4.1.21179.1" />
        <genTemplate:Item Name="projectType" Value="SplitView" />
        <genTemplate:Item Name="framework" Value="MVVMToolkit" />
        <genTemplate:Item Name="platform" Value="WinUI" />
        <genTemplate:Item Name="appmodel" Value="Desktop" />
    </genTemplate:Metadata>
</xml>
